,Mean Lifetime PD,Mean ECL
Baseline,0.6106139999513143,0.266773106774846
Mild Stress,0.6540065203257219,0.28573100402580076
Severe Stress,0.7052232522714356,0.3081072461380058
