variable,info_value
AVG_DELAY,0.9276662942371565
NUM_LATE_PAY,0.8924720057420905
MAX_DELAY,0.8072600696415818
PAY_CHANGE1,0.36333909948494625
PAY_CHANGE2,0.3615882034619563
PAY_CHANGE3,0.35109336715323236
BILL_CHANGE1,0.30984948354928044
BILL_CHANGE2,0.3070645887321445
BILL_CHANGE3,0.29960533779307924
PAY_RATIO3,0.08143183747659843
UTIL_RATIO,0.07411190708772968
PAY_RATIO2,0.06911160904488581
PAY_RATIO1,0.05874584834719554
AVG_PAY_RATIO,0.03435793404856469
AVG_UTIL,0.02295089885366683
