Feature,Coefficient,OddsRatio
PAY_CHANGE1_woe,0.03775437346669934,1.0384761242587401
BILL_CHANGE3_woe,0.150587555623138,1.1625170855551794
BILL_CHANGE2_woe,0.256830074580246,1.2928254241904824
PAY_CHANGE2_woe,0.2930299878967766,1.3404829880944344
BILL_CHANGE1_woe,0.4001725571376613,1.4920821448525259
PAY_CHANGE3_woe,0.42251232992501514,1.5257900323641693
DELAY_RISK_woe,0.9744273168940639,2.6496493669731596
